{
	"info": {
		"_postman_id": "16c9647c-fd98-42f4-8602-b77f6b577a04",
		"name": "UdacityP4",
		"schema": "https://schema.getpostman.com/json/collection/v2.1.0/collection.json",
		"_exporter_id": "4555373"
	},
	"item": [
		{
			"name": "CreateUser",
			"request": {
				"method": "POST",
				"header": [],
				"body": {
					"mode": "raw",
					"raw": "{\r\n\r\n    \"username\": \"test1\",\r\n    \"password\": \"123456789\",\r\n    \"rePassword\": \"123456789\"\r\n}",
					"options": {
						"raw": {
							"language": "json"
						}
					}
				},
				"url": {
					"raw": "localhost:8080/auth/api/user/create",
					"host": [
						"localhost"
					],
					"port": "8080",
					"path": [
						"auth",
						"api",
						"user",
						"create"
					]
				}
			},
			"response": []
		},
		{
			"name": "Get Token",
			"request": {
				"method": "POST",
				"header": [],
				"body": {
					"mode": "raw",
					"raw": "{\r\n    \"userName\": \"test1\",\r\n    \"password\": \"123456789\"\r\n}",
					"options": {
						"raw": {
							"language": "json"
						}
					}
				},
				"url": {
					"raw": "localhost:8080/auth/login",
					"host": [
						"localhost"
					],
					"port": "8080",
					"path": [
						"auth",
						"login"
					]
				}
			},
			"response": []
		},
		{
			"name": "Get info",
			"request": {
				"method": "GET",
				"header": [],
				"url": {
					"raw": "localhost:8080/auth/me",
					"host": [
						"localhost"
					],
					"port": "8080",
					"path": [
						"auth",
						"me"
					]
				}
			},
			"response": []
		},
		{
			"name": "Get user by username",
			"request": {
				"method": "GET",
				"header": [],
				"url": {
					"raw": "localhost:8080/auth/api/user/test1",
					"host": [
						"localhost"
					],
					"port": "8080",
					"path": [
						"auth",
						"api",
						"user",
						"test1"
					]
				}
			},
			"response": []
		},
		{
			"name": "Get user by id",
			"request": {
				"method": "GET",
				"header": [],
				"url": {
					"raw": "localhost:8080/auth/api/user/id/2",
					"host": [
						"localhost"
					],
					"port": "8080",
					"path": [
						"auth",
						"api",
						"user",
						"id",
						"2"
					]
				}
			},
			"response": []
		},
		{
			"name": "Create order",
			"request": {
				"method": "POST",
				"header": [],
				"url": {
					"raw": "localhost:8080/auth/api/order/submit/test1",
					"host": [
						"localhost"
					],
					"port": "8080",
					"path": [
						"auth",
						"api",
						"order",
						"submit",
						"test1"
					]
				}
			},
			"response": []
		},
		{
			"name": "History order",
			"request": {
				"method": "GET",
				"header": [],
				"url": {
					"raw": "localhost:8080/auth/api/order/history/test1",
					"host": [
						"localhost"
					],
					"port": "8080",
					"path": [
						"auth",
						"api",
						"order",
						"history",
						"test1"
					]
				}
			},
			"response": []
		},
		{
			"name": "addToCart",
			"request": {
				"method": "POST",
				"header": [],
				"body": {
					"mode": "raw",
					"raw": "{\r\n    \"username\": \"test1\",\r\n    \"itemId\": 1,\r\n    \"quantity\": 2\r\n}",
					"options": {
						"raw": {
							"language": "json"
						}
					}
				},
				"url": {
					"raw": "localhost:8080/auth/api/cart/addToCart",
					"host": [
						"localhost"
					],
					"port": "8080",
					"path": [
						"auth",
						"api",
						"cart",
						"addToCart"
					]
				}
			},
			"response": []
		},
		{
			"name": "removeFromCart",
			"request": {
				"method": "POST",
				"header": [],
				"body": {
					"mode": "raw",
					"raw": "{\r\n    \"username\": \"test1\",\r\n    \"itemId\": 1,\r\n    \"quantity\": 1\r\n}",
					"options": {
						"raw": {
							"language": "json"
						}
					}
				},
				"url": {
					"raw": "localhost:8080/auth/api/cart/removeFromCart",
					"host": [
						"localhost"
					],
					"port": "8080",
					"path": [
						"auth",
						"api",
						"cart",
						"removeFromCart"
					]
				}
			},
			"response": []
		}
	]
}